concept,original_nasdaq_rationale,nasdaq_specific_dependency,possible_xauusd_equivalent,supporting_evidence,contradicting_evidence,transferability_rating,recommended_test,risks_of_direct_transplantation
08:30 macro impulse,Scheduled U.S. data creates a pre-cash-open NQ move that practitioners may label manipulation.,NQ prices anticipated equity cash-open repricing and index constituents.,"Treat 08:30 as an event-time gold information shock, conditional on release category and standardized surprise.","S01-S03, S12-S15 show formal release timing and strong gold announcement effects.",S14 finds many releases have no detectable metal effect; S21 shows very rapid efficient adjustment in other futures.,Directly transferable,"Compare 08:30-08:35 absolute return and range on major, minor and no-release days; regress on standardized surprise.",Calling the move manipulation prejudges reversal and ignores efficient price discovery.
09:30 cash-equity open,Opening auction and cash/index arbitrage concentrate equity information and volume.,"Formal Nasdaq/NYSE 09:30 auction, constituent openings, cash-futures basis and ETF creation/redemption.","Potential cross-asset risk-sentiment or portfolio-rebalancing impulse in gold, tested after controlling for 08:30.",S07-S08 establish the auction; S18 supports a gold response to extreme equity shocks.,S09 and S16 show gold already trades and discovers price before 09:30; no controlled XAUUSD 09:30 edge was found.,Transferable with modification,"Estimate incremental 09:30 volatility/return with day fixed effects or matched controls including 08:30 impulse, news category and surprise.",Mistakes an equity-specific institutional open for a gold session open.
10:00 key open,Community reference to the open of the 10:00 candle after initial equity-open volatility.,No formal Nasdaq/NYSE session begins at 10:00; often tied to index-trader routines.,Use as a secondary event window and explicitly flag scheduled 10:00 releases.,S03-S05 show real 10:00 releases; S12 finds some 10:00 news effects; S30-S31 document the community heuristic.,No exchange source recognizes a 10:00 market open; S30-S31 provide no empirical proof.,Weakly transferable,Compare 10:00-10:30 on 10:00-release versus non-release days and test whether any residual clock effect remains.,Attributes macro-release repricing to a chart candle or community key-open narrative.
09:30 liquidity sweep,Cash-open volume may breach pre-market or 08:30 extremes before reversing.,Cash-auction order imbalances and index arbitrage.,Observable breach-and-reentry of the 08:30 impulse extreme or pre-news range after 09:30.,S24-S25 describe the practitioner pattern; S18 supports a conditional equity-to-gold channel.,S19 shows stop clusters can propagate continuation; S34 reports null results for OHLCV liquidity-grab families in MNQ.,Transferable with modification,"Compare post-09:30 breach/reentry outcomes with matched accepted breakouts, separately on news and non-news days.",Sweep labels can be assigned with hindsight and do not reveal order intent.
Judas swing,An opening false move against a presumed daily bias precedes the 'real' direction.,Kill-zone conventions and cash-open narrative are commonly derived from index/FX education.,Rename as a deterministic false-breakout-and-reversal outcome; do not encode intent.,S29 and S25 document the practitioner hypothesis.,S12-S13 support fast news price discovery; S19 supports continuation cascades; no gold-specific Judas study found.,Weakly transferable,"Test breach, close-back and MSS rules with causal confirmation; compare to all breakouts.",Bias and 'real direction' can be hindsight labels; high multiple-testing risk.
Liquidity sweep,Stops are assumed to cluster beyond session/swing extremes and the breach supplies liquidity.,"Reference levels often use overnight, pre-market and RTH structures specific to index futures.",Cross of a predeclared gold range/swing followed by a close back within a fixed number of bars.,S19 supports order clustering/cascades in FX; S32 supplies programmable practitioner geometry.,"S19 finds continuation after stop clusters, contradicting automatic-reversal claims; no XAU order-book proof.",Transferable with modification,"Test reversal and continuation conditional on breach size, close-back speed, news and surprise.",Retail XAUUSD is fragmented OTC/CFD; actual stops and centralized volume are unobserved.
Displacement,Large directional candle indicates aggressive repricing and validates MSS/FVG.,"None in geometry, though typical size thresholds depend on NQ volatility and tick value.","Candle body/range standardized by rolling same-time gold volatility, close location and optional FVG.",S12-S15 support unusually large event-time gold moves; S33 captures practitioner use.,Large bars can be public-news price discovery rather than institutional directional commitment.,Directly transferable,Sensitivity over body/median and true-range/ATR thresholds; evaluate forward returns without conditioning on future bars.,Absolute-point rules fail across gold price and volatility regimes.
Market structure shift,Post-sweep body close through a confirmed swing signals reversal.,Swing scale calibrated to NQ's microstructure and chosen chart timeframe.,Causal break of the most recent confirmed 1-minute or 3-minute pivot with displacement.,S33 provides practitioner definition; deterministic swing logic is implementable.,No independent evidence that this pattern has gold expectancy; pivot confirmation introduces delay.,Transferable with modification,Compare 1-minute and 3-minute MSS; vary pivot width and displacement filter.,Using future bars to identify pivots causes look-ahead; loose swing selection creates researcher discretion.
Fair value gap,Three-candle wick non-overlap marks a fast NQ delivery zone and potential retracement entry.,"No formal dependency, but frequency and tick size are instrument/timeframe specific.","Identical three-bar gap geometry on gold, treated only as a bar pattern.",S26 defines reproducible geometry; S13 documents fast event moves and wider spreads.,No independent evidence that the zone is 'fair value' or must fill; gaps may be microstructure artifacts.,Transferable with modification,"Test first proximal, midpoint and distal touch after causal creation, net of event-time costs.",Semantic institutional claims and fill expectation may not transfer; bid/ask gaps differ from OHLC gaps.
Rejection block,Wick at an index liquidity level is treated as a future entry zone.,Often selected using discretionary RTH highs/lows and visible chart narrative.,Mechanically define body-to-wick zone on a sweep/reentry candle with a minimum wick fraction.,S28 documents wick-zone terminology.,No Tier 1/2 validation; competing definitions select one or multiple candles.,Insufficient evidence,Include only as a separately labeled experimental geometry with predeclared wick and pivot rules.,High degrees of freedom and hindsight candle selection.
OTE retracement,Deep 62%-79% retracement of an NQ impulse is claimed to offer favorable risk/reward.,"None formal, but impulse anchoring is discretionary and NQ-specific examples dominate.","Fixed 62%-79% retracement of the objectively defined 08:30 impulse, plus 50%, 62% and 75% single levels.",S27 documents the exact practitioner zone.,No empirical source establishes privileged Fibonacci ratios; simple retracement is the appropriate benchmark.,Weakly transferable,Compare all predeclared depths on identical event cohorts and report fill/expiry/cost trade-offs.,Anchor selection and multiple depths invite data mining; deep entries may never fill.
Acceptance outside range,Holding above/below pre-market range suggests genuine index breakout rather than manipulation.,Pre-market range is closely tied to RTH transition.,Two consecutive 1-minute closes or one 3-minute close beyond a buffered pre-news boundary.,S19 supports persistent/cascade behavior after levels; market-auction logic makes acceptance a neutral construct.,"Threshold is a research proxy, not a named empirical gold fact.",Directly transferable,"Vary close count, time allowance and volatility buffer; compare continuation rates.",Long confirmation delays entries and can re-label the same path under different bar aggregation.
Re-entry into range,Return inside the pre-market range signals failed breakout and potential reversal.,Nasdaq pre-market boundaries are equity-session specific.,First causal close back inside the 07:30-08:29 or 08:00-08:29 gold range after a breach.,S32 matches practitioner geometry; S14 shows heterogeneous news reaction that makes failure plausible.,S19 shows breaches near stops may continue rather than re-enter.,Directly transferable,Estimate full-reversal probability versus accepted breakout baseline by news class.,Using wick-only reentry or unrestricted time makes the rule hindsight-prone.
Impulse midpoint hold,NQ holding the news impulse equilibrium until cash open is treated as continuation evidence.,Interaction with cash-open flows.,Whether all closes or a required fraction of closes remain on the impulse-direction side of 50% through 09:29.,A neutral measurable state; consistent with continuation hypotheses from S19.,No source validates 50% as a privileged threshold.,Transferable with modification,"Test 50%, 62% and time-weighted hold fractions; report monotonicity rather than best-only threshold.",Threshold optimization can manufacture an apparent edge.
Opening range manipulation,First RTH move is assumed to trap traders before reversal.,Requires the 09:30 cash opening auction and constituent order imbalance.,Do not transfer the manipulation label; test only 09:30 false breakout on non-news gold days.,S24-S25 document the hypothesis.,S20 supports efficient opening price discovery; S34 finds no robust MNQ OHLCV family after costs.,Not transferable,"Retain only the observable non-news false-breakout family as exploratory, with no intent claim.",Direct copying imports equity-auction mechanics and hindsight narrative into gold.
London high/low target,NQ/FX New York setups often use overnight/London extremes as stop/liquidity references.,Practitioner London window conventions and daylight-saving mismatch.,"Gold London-session high/low using an explicit Europe/London clock, plus ET-window sensitivity.",S11 and S16 establish London as an important gold center; S29 uses London extremes in the framework.,A single retail XAU feed may not represent London OTC price/volume; session boundary is not unique.,Transferable with modification,Compare actual London-clock and fixed-ET definitions; predeclare one primary.,DST mismatch and feed-specific Sunday/daily maintenance bars can shift extremes.
Previous-day high/low,Widely watched RTH liquidity levels for index futures.,RTH versus full-session day is meaningful and market-specific.,"Prior complete New York trading-day high/low and, separately, prior COMEX session high/low.",Generic observable reference; no strong source-specific performance claim.,No empirical evidence here that gold reverses at these levels.,Transferable with modification,Test prior NY calendar day and prior COMEX trade-date definitions separately.,Ambiguous day boundary in 23-hour gold trading and broker maintenance windows.
Cross-asset HTF bias,NQ direction is aligned with equity structure and index liquidity targets.,"Equity-index constituents, earnings and cash breadth.",Causal gold bias using prior daily trend plus contemporaneous but lagged USD/real-yield/risk variables when available.,"S18, S22 and S23 support equity-risk, real-yield and dollar channels.",Relationships are state-dependent and often low-frequency; fixed signs may fail.,Transferable with modification,"Report alignment using a predeclared, lagged bias and compare unfiltered results; never infer bias from future session path.",Adding many macro filters increases overfit and may require unavailable high-frequency instruments.
Lifecycle AMD labels,Accumulation-manipulation-distribution narrates the NQ day around pre-market and cash open.,RTH transition and daily-bias storytelling.,"Replace intent labels with mutually exclusive path states based on breach, reentry, retracement and extension.",S29 documents AMD/Judas terminology.,No independent evidence of deterministic institutional sequencing; overlapping states can be assigned with hindsight.,Weakly transferable,Classify outcomes for reporting only; strategy signals may use only information available by entry time.,Using final lifecycle as an entry filter is direct look-ahead bias.
